"","rf","svm","nnet","logit"
"1",0.874125874125874,0.839160839160839,0.846153846153846,0.671328671328671
"2",0.846715328467153,0.846715328467153,0.854014598540146,0.64963503649635
"3",0.829059829059829,0.837606837606838,0.854700854700855,0.846153846153846
"4",0.847222222222222,0.861111111111111,0.791666666666667,0.715277777777778
"5",0.863309352517986,0.848920863309353,0.827338129496403,0.79136690647482
"6",0.859649122807018,0.859649122807018,0.87719298245614,0.903508771929825
"7",0.850746268656716,0.798507462686567,0.798507462686567,0.694029850746269
"8",0.845588235294118,0.875,0.852941176470588,0.830882352941177
"9",0.834645669291339,0.874015748031496,0.803149606299213,0.614173228346457
