"","rf","svm","nnet","logit"
"1",0.641176470588235,0.723529411764706,0.705882352941177,0.641176470588235
"2",0.756906077348066,0.795580110497238,0.795580110497238,0.651933701657459
"3",0.727272727272727,0.727272727272727,0.696969696969697,0.651515151515151
"4",0.747311827956989,0.78494623655914,0.747311827956989,0.650537634408602
"5",0.751091703056769,0.724890829694323,0.733624454148472,0.698689956331878
"6",0.72,0.73,0.705,0.585
"7",0.655813953488372,0.716279069767442,0.711627906976744,0.6
"8",0.653658536585366,0.726829268292683,0.68780487804878,0.609756097560976
"9",0.779487179487179,0.82051282051282,0.78974358974359,0.692307692307692
